Domain,Feature Name,Canonical Owner,Primary User / Actor,Business Outcome,Entry Point / Surface,Short Description,Variants / Markets,Dependencies / Related Flows,Service / Repository,DB - Collections,Evidence Source,Criticality,Usage Confidence,Disposition,Open Questions,Reviewer,Review Status
Corpsec,View & Search Company List,,Admin User,Give operations teams a single place to locate any client company quickly,Admin App > Companies List,Paginated list of all companies showing Name / UEN / Transfer flag / Client Type / Record Type / Created Date. Search by User Email / Allocated Users / Customer Name.,"SG, HK, UK, AU",,"sleek-back, sleek-website",sleek,Live app walkthrough,High,High,Must Keep,"Registration ID column name differs by region: SG=UEN, HK=BR No., UK=Company Number, AU=ABN. HK and AU show Updated Date column instead of Client Type. UK admin has an additional Dashboard top-level nav item.",,Draft
Corpsec,Filter & Sort Company List,,Admin User,Allow ops teams to narrow the company list by lifecycle or regulatory state without manual searching,Admin App > Companies List,"Filter dimensions vary by region. SG has 6 filters (Status 18 opts incl. Draft→Archived, ACRA Non-Compliant, ACRA Status, Client Type, Company Type, Record Type). HK has 2 filters (Status 15 opts using 'Processing by Company Registry', Record Type). UK has 3 filters (Status 18 opts using 'Processing by Companies House', Client Type, Record Type). AU has 2 filters (Status 16 opts using 'Processing by ASIC', Record Type). All regions support sortable columns and inline Name / registration-ID text filter.","SG, HK, UK, AU",,"sleek-back, sleek-website",sleek,Live app walkthrough,High,High,Must Keep,ACRA Non-Compliant and ACRA Status filters are SG-only. Company Type filter is SG-only. Client Type filter is SG and UK only. Status option labels differ by regulatory body (ACRA / Company Registry / Companies House / ASIC).,,Draft
Corpsec,Create Company – Incorporation,,Admin User / Corpsec Officer,Enable Sleek to onboard a new company for Singapore incorporation,Admin App > Companies List > CREATE COMPANY > Incorporation,Immediately creates a Draft company record (On-boarded for = Incorporation) and opens the edit form pre-populated with incorporation-specific fields: Preferred Incorporation date / Reason for establishing company / Dormant flag / Customer Risk Rating / SBA details / SSIC codes / Business Account projections / Registered address / Web 3.0 declaration.,"SG, HK, UK, AU",,"sleek-back, sleek-website",sleek,Live app walkthrough,High,High,Must Keep,Does clicking Incorporation always auto-create the record or is there a confirmation step?,,Draft
Corpsec,Create Company – Transfer,,Admin User / Corpsec Officer,Enable Sleek to onboard an existing company being transferred to Sleek's management,Admin App > Companies List > CREATE COMPANY > Transfer,"Immediately creates a Draft company record (On-boarded for = Transfer). AU uniquely splits this into two sub-types: 'Transfer - Company' and 'Transfer - Sole trader', each creating a Draft record with the appropriate entity profile. SG, HK, UK have a single Transfer option.","SG, HK, UK, AU",,"sleek-back, sleek-website",sleek,Live app walkthrough,High,High,Must Keep,AU exposes Transfer as two distinct options (Transfer - Company / Transfer - Sole trader) — confirm whether these are treated as separate feature rows or variants of the same flow.,,Draft
Corpsec,View & Edit Company Core Details,,Admin User / Corpsec Officer,Keep the company's master record accurate throughout its lifecycle,Admin App > Company Overview > Overview tab – EDIT PAGE,Editable company header fields and status. Field set varies by region: SG has UEN / ACRA filing dates; HK has CR No. + BR No. + Last Filing Date + Financial Year End + Xero Contact ID; UK has Company Number + Tax Reference (UTR) + Companies House Authentication Code + Xero Contact ID; AU has ABN + ACN + Tax File Number + Entity Type (replaces Company Type). All regions show UPDATE and DELETE (Draft only) actions.,"SG, HK, UK, AU",,"sleek-back, sleek-website",sleek,Live app walkthrough,High,High,Must Keep,DELETE rule (Draft only) – verify across all regions. Xero Contact ID present in HK and UK but not SG/AU – confirm.,,Draft
Corpsec,Edit Company Business Profile,,Admin User / Corpsec Officer,Capture business-level attributes required for compliance and risk assessment,Admin App > Company Overview > Overview tab – About the company section,Editable business-level attributes below the company header. Fields differ significantly by region. SG: Customer Risk Rating / SBA details / Business Account client / Preferred Incorporation date / Has Nominee Shareholder / Dormant flag. HK adds Language Preference (English / Traditional Chinese / Simplified Chinese) and Company Name 2 / 3 / Business Name / Has only one member since. UK adds Company Registered Email ID / EDD/CDD Complete Date / Target Date for Next EDD/CDD. AU has Business Name / Former Company Name / Dormant flag (no SBA / no Risk Rating shown).,"SG, HK, UK, AU",,"sleek-back, sleek-website",sleek,Live app walkthrough,High,High,Must Keep,Customer Risk Rating absent from AU overview — confirm if it exists elsewhere in AU flow. EDD/CDD date fields are UK-only — verify.,,Draft
Corpsec,Edit Company Information & Business Activity Codes,,Admin User / Corpsec Officer,Record business activity codes and address needed for ACRA filing and client profiling,Admin App > Company Overview > Overview tab – Company information section,Business activity codes and address fields. Code system varies: SG uses SSIC (primary + secondary); UK uses SIC (4 fields); AU uses ANZIC (1 field); HK uses free-form activity description. Address structure is region-specific (SG: standard / HK: includes District + Address line 3 / UK: House Name/Number + Post Town + Postcode / AU: separate Registered + Business addresses + state-of-registration selector). SG also captures Web 3.0 / cryptocurrency declaration and Business Account projection fields.,"SG, HK, UK, AU",,"sleek-back, sleek-website",sleek,Live app walkthrough,High,High,Must Keep,SG cryptocurrency / Web 3.0 questions — confirm whether these appear in any other region.,,Draft
Corpsec,View & Edit Staff Assigned to Company,,Admin User / Team Lead,Ensure accountability by linking named staff to each client company across all service lines,Admin App > Company Overview > Overview tab – Staff assigned panel (view) / Accounting tab – Edit assignee (edit),View and assign named staff members to the company across all service lines. Role set differs by region. SG: ~25 roles incl. Named CS / CS Team Lead / Immigration / Portfolio Lead / Customer Champion. HK: ~20 roles incl. Auditor / Auditor Backup. UK/AU: ~14 roles incl. Senior Accountant / Junior Accountant / CSS In Charge / Tax and Payroll Manager. All regions editable via 'Edit assignee' action.,"SG, HK, UK, AU",,"sleek-back, sleek-website",sleek,Live app walkthrough,High,High,Must Keep,Immigration-related roles appear only in SG — confirm. Auditor roles appear only in HK — confirm.,,Draft
Corpsec,View Company as Client,,Admin User / QA,Allow admins to preview exactly what the client sees in the customer portal for a given company,Admin App > Company Overview > VIEW AS CLIENT button,Opens the client-facing view of the company in a new context. Available on live companies.,"SG, HK, UK, AU",,"sleek-back, sleek-website",sleek,Live app walkthrough,Medium,High,Must Keep,,,Draft
Corpsec,Add Internal Comment to Company,,Admin User,Enable async internal communication and audit trail on a company record,Admin App > Company Overview > COMMENT button (persistent bottom-left),Floating COMMENT button present on all company detail tabs (Overview / People & Entities / Shares / Accounting / Deadlines / Billing Beta). Allows admin to post internal comments.,"SG, HK, UK, AU",,"sleek-back, sleek-website",sleek,Live app walkthrough,Medium,High,Must Keep,,,Draft
Corpsec,View CDD Questionnaire History,,Compliance Officer / Admin User,Track Customer Due Diligence refresh events and know whether the CDD questionnaire is complete,Admin App > Company Overview > Company Info tab,"Company Info tab (SG-only) shows chronological CDD refresh events with date and questionnaire completion status. Tab is not present in HK, UK, or AU admin.",SG,,"sleek-back, sleek-website",sleek,Live app walkthrough,High,High,Must Keep,"Confirm whether HK, UK, AU have an equivalent CDD history view accessible elsewhere in their admin flows.",,Draft
Corpsec,Manage Directors,,Corpsec Officer,Maintain an accurate and current record of company directors as required by company law,Admin App > Company Overview > People & Entities tab,Add and manage company directors. Present in all four regions. Director record includes Director ID field in AU.,"SG, HK, UK, AU",,"sleek-back, sleek-website",sleek,Live app walkthrough,High,High,Must Keep,,,Draft
Corpsec,Manage Nominee Directors,,Corpsec Officer,Maintain an accurate and current record of company directors as required by company law,Admin App > Company Overview > People & Entities tab,"Add and manage nominee directors for a company. SG-only section; this entity type is not present in the HK, UK, or AU People & Entities pages.",SG,,"sleek-back, sleek-website",sleek,Live app walkthrough,High,High,Must Keep,Confirm HK/UK/AU do not use nominee directors or capture them elsewhere.,,Draft
Corpsec,Manage Company Secretaries,,Corpsec Officer,Record the appointed company secretary to satisfy statutory requirements,Admin App > Company Overview > People & Entities tab,Add and manage company secretaries. SG and HK offer two actions: Add Company Secretary (external) and Add Sleek Secretary (Sleek-appointed). UK offers Add Company Secretary only. AU has no Company Secretaries section in People & Entities.,"SG, HK, UK",,"sleek-back, sleek-website",sleek,Live app walkthrough,High,High,Must Keep,Confirm AU has no secretary requirement or if it is tracked elsewhere.,,Draft
Corpsec,Manage Individual Shareholders,,Corpsec Officer,Maintain the register of members with accurate individual shareholder data for regulatory compliance,Admin App > Company Overview > People & Entities tab,Section: Company's Individual Shareholders with Expand All and Add Individual Shareholder actions. Shareholder records can be expanded for detail.,"SG, HK, UK, AU",,"sleek-back, sleek-website",sleek,Live app walkthrough,High,High,Must Keep,,,Draft
Corpsec,Manage Corporate Shareholders,,Corpsec Officer,Maintain the register of corporate entity shareholders for regulatory compliance,Admin App > Company Overview > People & Entities tab,Section: Company's Corporate Shareholders with Expand All and Add Corporate Shareholder actions.,"SG, HK, UK, AU",,"sleek-back, sleek-website",sleek,Live app walkthrough,High,High,Must Keep,,,Draft
Corpsec,Manage Registrable Controllers,,Compliance Officer / Corpsec Officer,Fulfil the statutory obligation to record persons with significant control over the company,Admin App > Company Overview > People & Entities tab,Add and manage persons with significant control (Registrable Controllers) as required by Singapore company law. This section is SG-only. HK has a structurally different equivalent: Significant Controllers Register + Designated Representatives (separate feature rows).,SG,,"sleek-back, sleek-website",sleek,Live app walkthrough,High,High,Must Keep,Confirm HK Significant Controllers Register is the statutory equivalent of SG Registrable Controllers.,,Draft
Corpsec,Manage Ultimate Beneficial Owners (UBOs),,Compliance Officer / Corpsec Officer,Record ultimate beneficial owners for AML and KYC purposes,Admin App > Company Overview > People & Entities tab,Section: Company's Ultimate Beneficial Owners with Add UBO action.,"SG, HK",,"sleek-back, sleek-website",sleek,Live app walkthrough,High,High,Must Keep,UBO section absent in UK and AU admin — confirm whether UBO data is captured in those regions via a different mechanism.,,Draft
Corpsec,Manage Company Admins & Transfer Ownership,,Admin User / Corpsec Officer,Control who has administrative access to the company in the client portal and enable ownership handover,Admin App > Company Overview > People & Entities tab,Section: Company's Admins with Add Company Admin action and Transfer Ownership action. Ownership transfer supports change-of-agent workflows.,"SG, HK, UK, AU",,"sleek-back, sleek-website",sleek,Live app walkthrough,High,High,Must Keep,,,Draft
Corpsec,Manage Standard Users,,Admin User,Grant and track standard portal access for non-admin company users,Admin App > Company Overview > People & Entities tab,Section: Company's Standard Users with Add Standard User action.,"SG, HK, UK, AU",,"sleek-back, sleek-website",sleek,Live app walkthrough,Medium,High,Must Keep,,,Draft
Corpsec,Manage Share Classes,,Corpsec Officer,Maintain an accurate share register with class-level details required for statutory filings,Admin App > Company Overview > Shares tab,Add / edit / remove share classes. Table columns: Share Name / Class of Shares / Currency / Total Number of Shares / Total Issued Shares / Total % of Shares / Total Paid-Up Share Capital / Type of issue shares. Default Ordinary class pre-created on new companies.,"SG, HK, UK, AU",,"sleek-back, sleek-website",sleek,Live app walkthrough,High,High,Must Keep,Share class structure assumed consistent across regions — verify HK and AU share class fields match SG.,,Draft
Corpsec,View & Manage Company Deadlines,,Corpsec Officer / Admin User,Track regulatory filing deadlines per financial year to ensure timely compliance,Admin App > Company Overview > Deadlines tab,"Track regulatory filing deadlines for a company. Structure differs by region. SG: FYE-based table listing deadlines with Name / Regulatory Due Date / Completed On / Filing Done columns, plus subscription panel. HK: AGM-focused layout with fields for Deadline to hold AGM / Extended Deadline / Date AGM held / Deadline to file Annual Return / Extended Deadline / Date Annual Return Filed — all editable with direct date submission. Deadlines tab is absent in UK and AU.","SG, HK",,"sleek-back, sleek-website",sleek,Live app walkthrough,High,High,Must Keep,HK deadline management is direct date entry rather than a workflow trigger — confirm whether the HK flow integrates with any downstream workflow.,,Draft
Corpsec,Start Deadlines Workflow,,Corpsec Officer,Trigger the structured compliance workflow for a financial year to drive timely filing,Admin App > Company Overview > Deadlines tab > START NOW button,Initiates the structured deadlines compliance workflow for a selected FYE period via the START NOW button. SG-only; HK manages deadlines through direct date submission without a workflow trigger. UK and AU have no Deadlines tab.,SG,,"sleek-back, sleek-website",sleek,Live app walkthrough,High,High,Must Keep,Confirm SG-only status. Does the workflow trigger integrate with Camunda?,,Draft
Corpsec,Manage Significant Controllers Register,,Corpsec Officer,Fulfil HK statutory obligation to identify and record persons with significant control over the company,Admin App > Company Overview > People & Entities tab – Significant Controllers Register section,HK-specific section replacing SG's Registrable Controllers. Add and manage Significant Controllers as required by the Companies Ordinance (Cap. 622). Records name and relevant details of each controller.,HK,,"sleek-back, sleek-website",sleek,Live app walkthrough,High,High,Must Keep,Confirm this is the direct statutory equivalent of SG Registrable Controllers.,,Draft
Corpsec,Manage Designated Representatives,,Corpsec Officer,"Record the designated representative responsible for maintaining the Significant Controllers Register, as required by HK company law",Admin App > Company Overview > People & Entities tab – Designated Representatives section,HK-only section. Add and manage Designated Representatives who are authorised to assist law enforcement in inspecting the Significant Controllers Register.,HK,,"sleek-back, sleek-website",sleek,Live app walkthrough,High,High,Must Keep,,,Draft
Corpsec,Manage Sales Point of Contact,,Admin User / Sales,Capture the client-side sales contact for a UK company to support account management and renewals,Admin App > Company Overview > People & Entities tab – Sales point of contact section,"UK-only section at the bottom of People & Entities. Records the Name, Email, and Phone of the company's sales point of contact.",UK,,"sleek-back, sleek-website",sleek,Live app walkthrough,Low,High,Must Keep,Confirm whether this field is used operationally or for CRM purposes only.,,Draft
Corpsec,Manage Individual Trust Shareholders,,Corpsec Officer,"Record individual beneficiaries holding shares via a trust structure, as required under Australian corporate law",Admin App > Company Overview > People & Entities tab – Individual Trust Shareholders section,"AU-only entity type. Add and manage individual trust shareholders. Supports AU trust structures not applicable in SG, HK, or UK.",AU,,"sleek-back, sleek-website",sleek,Live app walkthrough,High,High,Must Keep,,,Draft
Corpsec,Manage Corporate Trust Shareholders,,Corpsec Officer,"Record corporate entities holding shares via a trust structure, as required under Australian corporate law",Admin App > Company Overview > People & Entities tab – Corporate Trust Shareholders section,"AU-only entity type. Add and manage corporate trust shareholders. Supports AU trust structures not applicable in SG, HK, or UK.",AU,,"sleek-back, sleek-website",sleek,Live app walkthrough,High,High,Must Keep,,,Draft
Corpsec,Manage Public Officers,,Corpsec Officer,Record the company's Public Officer as required by Australian tax law (a person responsible for company tax obligations),Admin App > Company Overview > People & Entities tab – Public Officers section,AU-only entity type. Add and manage Public Officers with Driver License No. and Tax File No. fields. A Public Officer is a legal requirement for Australian companies under the Income Tax Assessment Act.,AU,,"sleek-back, sleek-website",sleek,Live app walkthrough,High,High,Must Keep,,,Draft
Corpsec,Manage AU Tax Registrations,,Corpsec Officer / Admin User,"Record and track the company's Australian tax registration elections (ABN, GST, PAYGW, FBT) to support compliance and onboarding",Admin App > Company Overview > Tax tab (AU only),AU-only tab. Four registration sections: ABN Registration (first-time in Australia flag) / Goods & Services Tax (GST) / Pay As You Go Withholding (PAYGW) / Fringe Benefit Tax (FBT). Each is a Yes/No toggle capturing the client's registration preference.,AU,,"sleek-back, sleek-website",sleek,Live app walkthrough,High,High,Must Keep,Confirm whether registration elections trigger downstream workflows or are record-only.,,Draft
Corpsec,View Workflows Related to Company,,Admin User / Corpsec Officer,Give admins quick visibility of any active or completed workflows linked to a specific company without leaving the company overview,Admin App > Company Overview > Overview tab – Workflows related to the company section,Inline section at the bottom of the Overview tab listing all workflows associated with the company (e.g. Accounting Onboarding V2) with their status (IN PROGRESS / DONE) and a view link. Present in all four regions.,"SG, HK, UK, AU",,"sleek-back, sleek-website",sleek,Live app walkthrough,Medium,High,Must Keep,,,Draft
Corpsec,Browse Company File Store,,Corpsec Officer / Admin User,Give staff direct access to all documents stored under a company without leaving the admin app,Admin App > Files > Select Company,Company-scoped file browser. Admin selects a company via dropdown to view its folder/file hierarchy. Supports folder navigation with breadcrumb path. Requires company selection before any files are shown.,"SG, HK, UK, AU",,"sleek-back, sleek-website",sleek,Live app walkthrough,High,High,Must Keep,,,Draft
Corpsec,Upload Files to Company File Store,,Corpsec Officer / Admin User,Store client documents centrally within the company's file store for easy access and retrieval,Admin App > Files > Select Company > UPLOAD button,Upload one or more files to the currently selected folder in the company's file store.,"SG, HK, UK, AU",,"sleek-back, sleek-website",sleek,Live app walkthrough,High,High,Must Keep,,,Draft
Corpsec,Create Folder in Company File Store,,Corpsec Officer / Admin User,Organise company documents into a structured folder hierarchy for efficient retrieval,Admin App > Files > Select Company > NEW FOLDER button,Create a new folder within the currently selected path in the company's file store.,"SG, HK, UK, AU",,"sleek-back, sleek-website",sleek,Live app walkthrough,Medium,High,Must Keep,,,Draft
Corpsec,Download & Delete Company Files,,Corpsec Officer / Admin User,Retrieve or remove individual files from the company's document store,Admin App > Files > Select Company > file-level actions (download / delete),Download or delete individual files from the company's file store. Actions are available per file row.,"SG, HK, UK, AU",,"sleek-back, sleek-website",sleek,Live app walkthrough,High,High,Must Keep,,,Draft
Corpsec,Search Files in Company File Store,,Corpsec Officer / Admin User,Quickly locate specific documents within a large company file store without manual folder browsing,Admin App > Files > Select Company > search bar,Search for files by name within the company's file store.,"SG, HK, UK, AU",,"sleek-back, sleek-website",sleek,Live app walkthrough,Medium,High,Must Keep,,,Draft
Corpsec,Generate Standard Folder Structure,,Corpsec Officer,"Rapidly provision a consistent, regulation-appropriate folder layout for new companies without manual folder creation",Admin App > Files > Select Company > GENERATE STANDARD FOLDER STRUCTURE button,Creates a predefined set of folders appropriate for the company's region. Template differs by market: HK creates 7 folders; UK creates 2 folders; AU creates 7 ASIC-aligned folders. SG folder set to be confirmed.,"SG, HK, UK, AU",,"sleek-back, sleek-website",sleek,Live app walkthrough,Medium,High,Must Keep,Confirm SG folder template contents and count. Confirm whether folder templates are configurable or hardcoded per region.,,Draft
Corpsec,Browse & Manage Company Mailroom,,Corpsec Officer / Admin User,Give staff access to physical mail and documents received on behalf of a company via a centralised mailroom view,Admin App > Mailroom > Select Company,"Company-scoped mailroom browser with identical file browser UI to the Files section. Admin selects a company to view and manage received mail/documents. Supports browse, upload, create folder, download, delete, search, and generate standard folder structure — all inherited from the Files section. Unique addition: NOTIFY OWNER button.","SG, HK, UK, AU",Files section (shared UI),"sleek-back, sleek-website",sleek,Live app walkthrough,High,High,Must Keep,,,Draft
Corpsec,Notify Company Owner (Mailroom),,Corpsec Officer / Admin User,Alert the client company's admin that new mail or documents have been received and added to their mailroom,Admin App > Mailroom > Select Company > NOTIFY OWNER button,Sends a notification to the company owner about documents in the mailroom. This button is unique to the Mailroom section and is absent in the Files section.,"SG, HK, UK, AU",,"sleek-back, sleek-website",sleek,Live app walkthrough,Medium,High,Must Keep,Confirm what channel the notification is sent via (email / in-app). Confirm whether notification content is templated or customisable.,,Draft
Corpsec,View & Search Requests List,,Corpsec Officer / Admin User,Give staff a single view of all corpsec requests to track and manage them efficiently,Admin App > Requests,"Paginated list of all requests. Supports search by company name and status filters. Columns include company name, request type, status, and created date.","SG, HK, UK, AU",,"sleek-back, sleek-website",sleek,Live app walkthrough,High,High,Must Keep,,,Draft
Corpsec,Create New Request,,Corpsec Officer / Admin User,Initiate a new corpsec document request for a company from a standard template,Admin App > Requests > NEW REQUEST button,Create a new corpsec request by selecting a company and a request template. Populates the request with default document data from the template.,"SG, HK, UK, AU",Request Templates,"sleek-back, sleek-website",sleek,Live app walkthrough,High,High,Must Keep,,,Draft
Corpsec,Update Request Document Data,,Corpsec Officer,Keep the structured data fields of a request document accurate as corporate details change,Admin App > Request detail > Update Document Data,"Edit structured form fields (e.g. title, parties, dates, addresses) for the request's document. Changes are saved to the request record.","SG, HK, UK, AU",,"sleek-back, sleek-website",sleek,Live app walkthrough,High,High,Must Keep,,,Draft
Corpsec,Update Request Status,,Corpsec Officer / Admin User,Advance a request through its lifecycle and optionally alert the client of the change,Admin App > Request detail > Update Status,Change the request status (e.g. Draft → Pending → Completed). Includes an option to notify the company when the status is updated.,"SG, HK, UK, AU",,"sleek-back, sleek-website",sleek,Live app walkthrough,High,High,Must Keep,,,Draft
Corpsec,Edit Request Document Content,,Corpsec Officer,Directly author or correct the full document body for a request before signing or delivery,Admin App > Request detail > Edit Document (rich text editor),Rich text editor for editing the full document content of a request. Supports formatted text editing and live document preview.,"SG, HK, UK, AU",,"sleek-back, sleek-website",sleek,Live app walkthrough,High,High,Must Keep,,,Draft
Corpsec,Save Request as PDF,,Corpsec Officer / Admin User,Export a finalised request document as a formatted PDF for offline use or client delivery,Admin App > Request detail > SAVE AS PDF button,Generates and downloads a PDF version of the request document.,"SG, HK, UK, AU",,"sleek-back, sleek-website",sleek,Live app walkthrough,High,High,Must Keep,,,Draft
Corpsec,Send Request to SleekSign,,Corpsec Officer / Admin User,Route a completed document to the SleekSign e-signature platform for client or internal signing,Admin App > Request detail > SEND TO SLEEKSIGN button,Sends the request document to SleekSign for electronic signature. Available on qualifying requests.,"SG, HK, UK, AU",SleekSign,"sleek-back, sleek-website",sleek,Live app walkthrough,High,High,Must Keep,"Confirm whether SleekSign integration is active in all 4 regions (SG, HK, UK, AU) or SG-only.",,Draft
Corpsec,View Document Templates List,,Corpsec Officer / Admin User,Browse all available document templates for the region to identify what is available for use,Admin App > Documents,Paginated list of document templates showing template name and actions. Content is region-specific.,"SG, HK, UK, AU",,"sleek-back, sleek-website",sleek,Live app walkthrough,High,High,Must Keep,,,Draft
Corpsec,Create Document Template,,Corpsec Officer / Admin User,Author a new reusable document template to standardise document production,Admin App > Documents > CREATE TEMPLATE button,Create a new document template with editable content and metadata.,"SG, HK, UK, AU",,"sleek-back, sleek-website",sleek,Live app walkthrough,High,High,Must Keep,,,Draft
Corpsec,Generate Document from Template,,Corpsec Officer / Admin User,Instantiate a document from an existing template for a specific company or request,Admin App > Documents > Generate action (per template row),Produces a document instance from a selected template.,"SG, HK, UK, AU",Request Templates,"sleek-back, sleek-website",sleek,Live app walkthrough,High,High,Must Keep,,,Draft
Corpsec,Edit Document Template,,Corpsec Officer / Admin User,Maintain and update existing document templates to keep them current and accurate,Admin App > Documents > Edit action (per template row),Edit the content and metadata of an existing document template.,"SG, HK, UK, AU",,"sleek-back, sleek-website",sleek,Live app walkthrough,High,High,Must Keep,,,Draft
Corpsec,Delete Document Template,,Corpsec Officer / Admin User,Remove obsolete or incorrect document templates to keep the template library clean,Admin App > Documents > Delete action (per template row),Delete an existing document template from the system.,"SG, HK, UK, AU",,"sleek-back, sleek-website",sleek,Live app walkthrough,Medium,High,Must Keep,,,Draft
Corpsec,View Request Templates List,,Corpsec Officer / Admin User,Browse all configured request templates for the region to understand available corpsec workflows,Admin App > Request Templates,"Paginated list of request templates showing Name, Document Template, Visible flag (Yes/No), and Created At. Content is region-specific: SG has ~215 templates, HK has ~139 (including Chinese-language entries), UK has 11, AU has 4.","SG, HK, UK, AU",,"sleek-back, sleek-website",sleek,Live app walkthrough,High,High,Must Keep,HK templates include Chinese-language names — confirm whether language is user-selectable or template-driven.,,Draft
Corpsec,Create Request Template,,Corpsec Officer / Admin User,Author a new request template to standardise and streamline corpsec service workflows,Admin App > Request Templates > NEW REQUEST TEMPLATE button,"Create a new request template specifying name, linked document template, and visibility setting (visible to clients or internal only).","SG, HK, UK, AU",Document Templates,"sleek-back, sleek-website",sleek,Live app walkthrough,High,High,Must Keep,,,Draft
Corpsec,Edit Request Template,,Corpsec Officer / Admin User,Update an existing request template to keep workflows aligned with current requirements,Admin App > Request Templates > Edit action (per template row),"Modify the name, document template link, or visibility setting of an existing request template.","SG, HK, UK, AU",,"sleek-back, sleek-website",sleek,Live app walkthrough,High,High,Must Keep,,,Draft
Corpsec,Remove Request Template,,Corpsec Officer / Admin User,Delete obsolete request templates to prevent staff from using outdated workflows,Admin App > Request Templates > Remove action (per template row),Remove a request template from the system.,"SG, HK, UK, AU",,"sleek-back, sleek-website",sleek,Live app walkthrough,Medium,High,Must Keep,,,Draft
Corpsec,View Auto-sign Employee List,,Corpsec Officer / Admin User,Review which employees are configured and enabled for automated document signing,Admin App > Auto-Sign Configuration,"Displays a table of all employees configured for auto-sign with columns: Name/Email, Role (Corp Sec / Corp Sec Admin / Nominee Director), and Automated Signature toggle status. SG shows ~35 employees; HK shows ~14 employees.","SG, HK",,"sleek-back, sleek-website",sleek,Live app walkthrough,High,High,Must Keep,UK and AU unverified — sessions expired before audit; confirm whether Auto-sign Configuration exists in UK and AU.,,Draft
Corpsec,Add Employees to Auto-sign Configuration,,Corpsec Officer / Admin User,Onboard new Sleek employees into the auto-sign system so their signatures can be applied automatically to qualifying documents,Admin App > Auto-Sign Configuration > ADD EMPLOYEES button,"Adds new Sleek employees to the auto-sign configuration list, making them eligible for automated signature assignment on company documents.","SG, HK",,"sleek-back, sleek-website",sleek,Live app walkthrough,High,High,Must Keep,UK and AU unverified — sessions expired before audit.,,Draft
Corpsec,Toggle Automated Signature per Employee,,Corpsec Officer / Admin User,Enable or disable automated signing for individual employees to control which staff can sign on behalf of clients,Admin App > Auto-Sign Configuration > Automated Signature toggle (per employee row),"Per-employee on/off toggle to enable or disable automated signature. When enabled, the employee's signature can be automatically applied to qualifying documents without manual intervention.","SG, HK",,"sleek-back, sleek-website",sleek,Live app walkthrough,High,High,Must Keep,"UK and AU unverified — sessions expired before audit. Confirm what triggers automated signature application (document type, workflow step, request template, etc.).",,Draft
Corpsec,Filter Auto-sign Employee List,,Corpsec Officer / Admin User,Quickly find specific employees in the auto-sign configuration without scrolling through the full list,"Admin App > Auto-Sign Configuration > column filter icons (Name, Role, Automated Signature)","Filter the auto-sign employee list by Name of Employees, Role, or Automated Signature status using the per-column filter icons.","SG, HK",,"sleek-back, sleek-website",sleek,Live app walkthrough,Low,High,Must Keep,UK and AU unverified — sessions expired before audit.,,Draft
Corpsec,Select Company & Workflow for AR Filing,,Corpsec Officer / Admin User,Quickly locate a specific company's active Annual Return workflow without navigating through the company list,Admin App > Corp Sec > AR Filing,Dedicated AR Filing page (Corp Sec > AR Filing in SG sidebar; accessible via URL in HK). Corpsec officer selects a company via searchable dropdown — a 'Go to Company' shortcut link appears on selection. The 'Select Workflow' dropdown then populates with the company's active Camunda AGM & AR deadlines workflows (auto-selects if only one exists).,"SG, HK",,"sleek-back, sleek-website",sleek,Live app walkthrough,High,High,Must Keep,Corp Sec nav section is present in SG sidebar but absent from HK sidebar — the /admin/corpsec/ar-filing/ URL loads in HK but is not surfaced in HK navigation. Confirm whether this is intentional. UK and AU unverified — sessions expired before audit.,,Draft
Corpsec,View AR Filing Source Documents,,Corpsec Officer / Admin User,Review which documents have been auto-generated or linked by the AR workflow so the corpsec team can prepare the filing package,Admin App > Corp Sec > AR Filing > Source Documents panel,"After selecting a company and workflow, a 'Source Documents' panel lists all documents associated with the AR workflow (auto-populated from the Camunda workflow). A 'Go To Workflow' shortcut link is available to navigate directly to the full workflow detail. Empty state: 'No AR filing files found for this workflow.'","SG, HK",Camunda Workflows / Deadlines workflow,"sleek-back, sleek-website",sleek,Live app walkthrough,High,High,Must Keep,"UK and AU unverified — sessions expired before audit. Confirm what events cause source documents to populate (e.g. workflow task completion, document generation step).",,Draft
Corpsec,Manually Upload AR Filing Documents,,Corpsec Officer / Admin User,Supplement the auto-generated source documents with additional documents required for the Annual Return filing that are not produced by the workflow,Admin App > Corp Sec > AR Filing > Manually Uploaded Documents panel > Upload Documents button,"A separate 'Manually Uploaded Documents' panel allows corpsec to upload any supplementary documents needed for the AR filing that are not automatically generated by the workflow. Helper text: 'If some documents are not in the list, you can manually upload them.'","SG, HK",,"sleek-back, sleek-website",sleek,Live app walkthrough,High,High,Must Keep,UK and AU unverified — sessions expired before audit.,,Draft
Corpsec,Resignation of Director Workflow,,Corp Sec staff,Automates end-to-end director resignation process including ACRA filing and register updates,Admin App > Workflows > Camunda Workflows (filter: Resignation of Director),"Manages a director's resignation — capturing letter of resignation, board resolution, ACRA submission, proof upload, and Register of Directors update.",SG (67 active instances; AU: definition exists 0 instances; HK/UK: not present),"ACRA filing, Register of Directors, Corp Sec request flow","sleek-back, sleek-website, sleek-workflow (Camunda)",sleek,Live app walkthrough,High,High,Unknown,AU has workflow definition but 0 instances — intentionally inactive?,,Draft
Corpsec,Change of Director Workflow,,Corp Sec staff,Automates the process of replacing a company director including nominee assignment,Admin App > Workflows > Camunda Workflows (filter: Change of Director),Manages director change requests — routing through nominee director assignment to complete the change.,SG (107 active instances; AU: definition exists 0 instances; HK/UK: not present),"Appointment of Director workflow, Nominee Director assignment","sleek-back, sleek-website, sleek-workflow (Camunda)",sleek,Live app walkthrough,High,High,Unknown,AU has definition but 0 instances; only Assign a Nominee Director step observed — may have additional steps not captured,,Draft
Corpsec,Appointment of Director Workflow,,Corp Sec staff,Automates the appointment of a new director including nominee assignment and completion,Admin App > Workflows > Camunda Workflows (filter: Appointment of Director),Guides appointment of a new director — progressing through nominee assignment to end.,SG (110 active instances; AU: definition exists 0 instances; HK/UK: not present),"Change of Director workflow, Nominee Director assignment, ACRA filing","sleek-back, sleek-website, sleek-workflow (Camunda)",sleek,Live app walkthrough,High,High,Unknown,AU has definition but 0 instances,,Draft
Corpsec,Amend Company Share Structure Workflow,,Corp Sec staff,Automates amendment of a company's share structure including review confirmation and ACRA filing,Admin App > Workflows > Camunda Workflows (filter: Amend Company share structure),Manages amendments to a company's share capital or structure — from review & confirmation through ACRA filing.,SG (269 active instances; AU: definition exists 0 instances; HK/UK: not present),"ACRA filing, Shares register, Corp Sec requests","sleek-back, sleek-website, sleek-workflow (Camunda)",sleek,Live app walkthrough,High,High,Unknown,"AU has definition but 0 instances; system name is ""Amend Company share structure"" (lowercase s)",,Draft
Corpsec,Share Transfer Workflow (SG),,Corp Sec staff,Automates share transfer between parties including RAF review and document generation,Admin App > Workflows > Camunda Workflows (filter: Transfer),"Manages share transfer requests in SG — progressing through Company Members update, Transfer RAF, transfer review, and document generation.",SG (357 active instances; AU: definition exists 0 instances; HK/UK: not present),"Company Members, Transfer documents, RAF","sleek-back, sleek-website, sleek-workflow (Camunda)",sleek,Live app walkthrough,High,High,Unknown,"System name is ""Transfer"" (not ""SG Transfer""); AU has definition but 0 instances",,Draft
Corpsec,Company Incorporation Workflow (SG),,Corp Sec staff / Operations,Automates end-to-end SG company incorporation from RAF through company members setup,Admin App (SG) > Workflows > Camunda Workflows (filter: Incorporation),Manages Singapore company incorporation — progressing through Incorporation RAF and Company Members setup stages.,SG (3453 active instances; AU: definition exists 0 instances),"KYC, Company Members, RAF, HK/UK Incorporation workflows","sleek-back, sleek-website, sleek-workflow (Camunda)",sleek,Live app walkthrough,High,High,Unknown,"SG/HK/UK each run an ""Incorporation"" workflow in their respective regional environments — confirm if same definition deployed per-region or separate workflow definitions",,Draft
Corpsec,Company Incorporation Workflow (HK),,Corp Sec staff / Operations,Automates end-to-end HK company incorporation,Admin App (HK) > Workflows > Camunda Workflows (filter: Incorporation),Manages Hong Kong company incorporation — progressing through Incorporation RAF and Company Members setup stages.,HK (1589 active instances),"KYC, Company Members, RAF, SG/UK Incorporation workflows","sleek-back, sleek-website, sleek-workflow (Camunda)",sleek,Live app walkthrough,High,High,Unknown,Confirm if same Camunda workflow definition as SG or region-specific variant,,Draft
Corpsec,Company Incorporation Workflow (UK),,Corp Sec staff / Operations,Automates end-to-end UK company incorporation including KYC verification,Admin App (UK) > Workflows > Camunda Workflows (filter: Incorporation),Manages UK company incorporation — key task step is KYC Verification (differs from SG/HK which has Incorporation RAF + Company Members).,UK (1333 active instances),"KYC Verification, SG/HK Incorporation workflows","sleek-back, sleek-website, sleek-workflow (Camunda)",sleek,Live app walkthrough,High,High,Unknown,UK task steps differ from SG/HK (KYC Verification vs Incorporation RAF + Company Members) — different workflow definition or market-specific configuration?,,Draft
Corpsec,AGM & Annual Return Workflow,,Corp Sec staff,Automates annual AGM and Annual Return compliance obligations for SG companies,Admin App (SG) > Workflows > Camunda Workflows (filter: AGM & AR),Manages the Annual General Meeting and Annual Return filing process for Singapore companies — Annual General Meeting is the primary observed task step.,SG (5529 active instances; AU: definition exists 0 instances; HK/UK: not present),"Company Deadlines workflow, ACRA filing, compliance calendar","sleek-back, sleek-website, sleek-workflow (Camunda)",sleek,Live app walkthrough,High,High,Unknown,HK and UK show no AGM & AR workflow — confirm if AGM is not a requirement in those jurisdictions or handled via a different flow,,Draft
Corpsec,Company Deadlines Workflow,,Corp Sec staff / Finance staff,Tracks and manages ongoing company compliance deadlines including management accounts obligations,Admin App (SG) > Workflows > Camunda Workflows (filter: Deadlines),"Manages ongoing company compliance deadline workflows — surfaces as ""Company Deadlines"" instances; Management Account is a key observed task step.",SG (5498 active instances; AU: definition exists 0 instances; HK/UK: not present),"AGM & AR workflow, compliance calendar, Companies List > Deadlines tab","sleek-back, sleek-website, sleek-workflow (Camunda)",sleek,Live app walkthrough,High,High,Unknown,HK and UK show no Deadlines workflow — confirm if handled differently in those markets; AU has definition but 0 instances,,Draft
Corpsec,Client Portal – Company Secretary File Browser,,Client / Company Director,"Enables clients to self-serve access to their company documents without contacting Sleek support, reducing support load and improving transparency.",Client App > Company Secretary (left nav),"Hierarchical document repository where clients browse top-level folders: A – Registers, B – Share Certificates, C – Minutes and Resolutions, D – ACRA Filings, Draft, E – Constitution, F – Miscellaneous, G – KYC, H – Immigration. Supports inline PDF preview, multi-select with bulk download, file search, name/date sorting, and pagination.","SG, HK, UK, AU",Admin app file management; Corpsec document generation flows; SleekSign (signed docs stored here),,,Live app walkthrough,High,Medium,Unknown,,,Draft
Corpsec,Client Portal – On-going Requests View,,Client / Company Director,"Keeps clients informed of active request progress, reducing inbound support queries about request status.",Client App > Requests > On-going (left nav),"Lists active/in-progress Corpsec requests submitted by the client. Each card shows request type, Request ID, Date of Request, and Price. Currently shows latest request only.",SG,Requests catalogue; admin-side request processing; Camunda workflows,,,Live app walkthrough,Medium,Medium,Unknown,,,Draft
Corpsec,Client Portal – History of Requests View,,Client / Company Director,Provides an audit trail of completed requests for client reference and compliance record-keeping.,Client App > Requests > History (left nav),"Paginated table of completed Corpsec requests. Columns: Request type, Track Status (e.g. DONE), Price, Request ID, Date. Configurable rows-per-page. Test account showed Accounting Onboarding V2 and KYC Individual as DONE entries.",SG,On-going Requests view; admin-side request processing,,,Live app walkthrough,Medium,Medium,Unknown,,,Draft
Corpsec,Client Request – Change Company Name,,Client / Company Director,"Allows clients to initiate a company name change via Sleek, with ACRA filing handled on their behalf.",Client App > Requests > Request > Change Company Name > Create a New Request,Client submits a request to change company name. ACRA name availability check is performed; S$15 name reservation fee absorbed by Sleek. Form fill < 15 mins; processing 5 working days to 2 months for referred cases. Steps: No Payment > Sleek Processing > Document Pending Signatures > ACRA Filing.,SG,ACRA filing; SleekSign (document signatures); Camunda workflow (admin side),,,Live app walkthrough,High,Medium,Unknown,,,Draft
Corpsec,Client Request – Change Company Address,,Client / Company Director,Allows clients to update their company's registered address and file the change with ACRA via Sleek.,Client App > Requests > Request > Change Company Address > Create a New Request,Client submits updated registered address. Requires signing of documents and payment for the change of address service. Form fill < 5 mins; processing 4-5 days. Steps: Create request > Sleek Processing > Board Resolution for Signing > Pending Signatures > ACRA Filing.,SG,ACRA filing; SleekSign (board resolution signatures); Camunda workflow (admin side),,,Live app walkthrough,High,Medium,Unknown,,,Draft
Corpsec,Client Request – Change of Director,,Client / Company Director,Allows clients to change an existing director (e.g. to Nominee or Own Director) with ACRA filing handled by Sleek.,Client App > Requests > Request > Change of Director > Create a New Request,Client initiates change of director type (Nominee or Own Director). Requires a local director remaining on board. Form fill < 15 mins; processing 4-5 working days. Steps: Payment (if required) > Invitation to join company > Due diligence on new director > Sleek Processing > Letter of resignation of old director > Pending Signatures > ACRA Filing.,SG,ACRA filing; SleekSign; KYC/due diligence flow; Camunda workflow (admin side),,,Live app walkthrough,High,Medium,Unknown,,,Draft
Corpsec,Client Request – Resignation of Director,,Client / Company Director,Allows clients to process a director resignation with all required ACRA documentation handled by Sleek.,Client App > Requests > Request > Resignation of Director > Create a New Request,Client initiates resignation of an existing director. Requires a local director remaining on board post-resignation. Form fill < 15 mins; processing 4-5 days. Free. Steps: Sleek Processing > Letter of resignation > Pending Signatures > ACRA Filing > Board resolution > Pending Signatures.,SG,ACRA filing; SleekSign (letter of resignation and board resolution); Camunda workflow (admin side),,,Live app walkthrough,High,Medium,Unknown,,,Draft
Corpsec,Client Request – Change of Business Activity,,Client / Company Director,Allows clients to add or change their company's business activity (SSIC code) via Sleek with ACRA filing.,Client App > Requests > Request > Change of Business Activity > Create a New Request,Client submits updated business activity description (75 word limit). Can add additional activity or replace existing. Form fill < 15 mins; processing 1-3 working days. Free. Steps: No Payment > Processing document > Pending Signatures > ACRA Filing.,SG,ACRA filing; SleekSign; Camunda workflow (admin side),,,Live app walkthrough,Medium,Medium,Unknown,,,Draft
Corpsec,Client Request – Open Bank Account,,Client / Company Director,"Connects clients with Singapore local and online banks to open a corporate bank account, reducing friction in the post-incorporation journey.",Client App > Requests > Request > Open Bank Account > Create a New Request,"Client selects preferred Singapore local or online banks, acknowledges requirements, and gets connected with bankers. Form fill < 5 mins; processing instant (Sleek) / up to 2 weeks (banks). Free. Steps: Select Banks > Acknowledge requirements > Get connected with Bankers.",SG,Third-party bank referral integrations,,,Live app walkthrough,Medium,Medium,Unknown,Which banks are supported? Is this a referral or a managed process?,,Draft
Corpsec,Client Request – Appointment of New Director,,Client / Company Director,Allows clients to onboard a new director to the company with KYC due diligence and ACRA filing handled by Sleek.,Client App > Requests > Request > Appointment of New Director > Create a New Request,Client creates a request for a new director joining the company. New director receives invitation and undergoes due diligence. Form fill < 15 mins; processing 4-5 days. Free (payment if applicable). Steps: Payment (if required) > Invitation to join company > Due diligence > Sleek processing > Pending signatures > ACRA Filing.,SG,ACRA filing; SleekSign; KYC/due diligence flow; Camunda workflow (admin side),,,Live app walkthrough,High,Medium,Unknown,,,Draft
Corpsec,Client Request – Update My Details,,Client / Shareholder / Director (self-serve),Allows individual users to keep their personal information current with ACRA requirements without going through a formal request flow.,Client App > Requests > Request > Update My Details > Update my profile,User updates their own personal information including identity information and residential address. Supporting documents may be required. Each director/shareholder must update their own profile individually. Free and self-serve (no Sleek processing step). References ACRA documentation and penalty requirements.,SG,ACRA filing (if required); user profile management,,,Live app walkthrough,Medium,Medium,Unknown,Does this trigger an ACRA filing automatically or is it a manual step?,,Draft
Corpsec,Client Request – Change of Officer's Particulars,,Client / Company Director,Allows clients to update an existing director's particulars and file the change with ACRA via Sleek.,Client App > Requests > Request > Change of Officer's Particulars > Create a New Request,Client submits change to an existing director's particulars. Form fill < 5 mins; processing 4-5 working days. Free. Steps: No Payment > Processing document > Pending Signatures > ACRA Filing. ACRA documentation and penalty information linked.,SG,ACRA filing; SleekSign; Camunda workflow (admin side),,,Live app walkthrough,Medium,Medium,Unknown,,,Draft
Corpsec,Client Request – Change of Shareholder's Particulars,,Client / Company Director / Shareholder,Allows clients to update an existing shareholder's particulars and file the change with ACRA via Sleek.,Client App > Requests > Request > Change of Shareholder's Particulars > Create a New Request,Client submits change to an existing shareholder's particulars. Form fill < 5 mins; processing 4-5 working days. Free. Steps: No Payment > Processing document > Pending Signatures > ACRA Filing. ACRA documentation and penalty information linked.,SG,ACRA filing; SleekSign; Camunda workflow (admin side),,,Live app walkthrough,Medium,Medium,Unknown,,,Draft